"","Accn","tar","tid","qry","qid","eva","sca","bia","evd","scd","bid","Source","Super.Group","Organism_Taxonomic_ID","Organism.Name"
"1","GCA_022201045.1","KAH9655465.1"," -"," PTHR11139.orig.30.pi"," -",0,2218,32.3,0,2217.7,32.3,"NCBI","Streptophyta",2711,"Citrus sinensis"
"2","GCA_003032435.1","PTQ39151.1"," -"," PTHR11139.orig.30.pi"," -",0,1888.6,30.5,0,1888.3,30.5,"NCBI","Streptophyta",3197,"Marchantia polymorpha"
"3","GCA_014871845.1","KAG0616620.1"," -"," PTHR11139.orig.30.pi"," -",0,1899.4,30.6,0,1899.1,30.6,"NCBI","Streptophyta",3225,"Ceratodon purpureus"
"4","GCA_030272615.1","GLJ12732.1"," -"," PTHR11139.orig.30.pi"," -",0,2055.7,28.9,0,2055.4,28.9,"NCBI","Streptophyta",3369,"Cryptomeria japonica"
"5","GCA_029852735.1","KAJ8648043.1"," -"," PTHR11139.orig.30.pi"," -",0,1650.8,44.4,0,1650.5,44.4,"NCBI","Streptophyta",3435,"Persea americana"
"6","GCA_003573695.1","RZC66205.1"," -"," PTHR11139.orig.30.pi"," -",0,2124.3,31.3,0,2123.9,31.3,"NCBI","Streptophyta",3469,"Papaver somniferum"
"7","GCA_002914805.1","PON55167.1"," -"," PTHR11139.orig.30.pi"," -",0,2208.7,34.7,0,2208.4,34.7,"NCBI","Streptophyta",3476,"Parasponia andersonii"
"8","GCA_013030025.1","KAF4382019.1"," -"," PTHR11139.orig.30.pi"," -",0,2210.4,42.2,0,2210,42.2,"NCBI","Streptophyta",3483,"Cannabis sativa"
"9","GCA_033242285.1","GMN52417.1"," -"," PTHR11139.orig.30.pi"," -",0,2155.9,40.6,0,2155.6,40.6,"NCBI","Streptophyta",3494,"Ficus carica"
"10","GCA_035136125.1","KAK4563469.1"," -"," PTHR11139.orig.30.pi"," -",0,2186.2,33.9,0,2185.9,33.9,"NCBI","Streptophyta",3512,"Quercus rubra"
"11","GCA_000511025.2","KMT01004.1"," -"," PTHR11139.orig.30.pi"," -",0,2194,37.4,0,2193.7,37.4,"NCBI","Streptophyta",3555,"Beta vulgaris subsp. vulgaris"
"12","GCA_000510995.2","KNA09350.1"," -"," PTHR11139.orig.30.pi"," -",0,2158.9,36.6,0,2158.5,36.6,"NCBI","Streptophyta",3562,"Spinacia oleracea"
"13","GCA_040167595.1","KAK9677349.1"," -"," PTHR11139.orig.30.pi"," -",0,2111.2,41.6,0,2110.9,41.6,"NCBI","Streptophyta",3572,"Saponaria officinalis"
"14","GCA_008761655.1","KAB1997380.1"," -"," PTHR11139.orig.30.pi"," -",0,2225.1,39.2,0,2224.8,39.2,"NCBI","Streptophyta",3634,"Gossypium barbadense"
"15","GCA_007990345.1","KAG4114010.1"," -"," PTHR11139.orig.30.pi"," -",0,2230.2,39.6,0,2229.9,39.6,"NCBI","Streptophyta",3635,"Gossypium hirsutum"
"16","GCA_038405125.1","KAK8263110.1"," -"," PTHR11139.orig.30.pi"," -",0,2230.2,39.6,0,2229.9,39.6,"NCBI","Streptophyta",3635,"Gossypium hirsutum"
"17","GCA_036851125.1","KAK6253390.1"," -"," PTHR11139.orig.30.pi"," -",0,2238.7,39.1,0,2238.4,39.1,"NCBI","Streptophyta",3641,"Theobroma cacao"
"18","GCA_040436765.1","KAL0559781.1"," -"," PTHR11139.orig.30.pi"," -",0,2197.1,39.1,0,2196.8,39.1,"NCBI","Streptophyta",3656,"Cucumis melo"
"19","GCA_000004075.3","KGN43836.1"," -"," PTHR11139.orig.30.pi"," -",0,2192.7,40.9,0,2192.3,40.9,"NCBI","Streptophyta",3659,"Cucumis sativus"
"20","GCA_000002775.4","PNT57244.2"," -"," PTHR11139.orig.30.pi"," -",0,2193.8,39.8,0,2193.5,39.8,"NCBI","Streptophyta",3694,"Populus trichocarpa"
"21","GCA_024362645.1","KAI5604042.1"," -"," PTHR11139.orig.30.pi"," -",0,2193.8,39.8,0,2193.5,39.8,"NCBI","Streptophyta",3694,"Populus trichocarpa"
"22","GCA_015852605.2","KAH8498621.1"," -"," PTHR11139.orig.30.pi"," -",0,2135.6,33.3,0,2135.2,33.3,"NCBI","Streptophyta",3696,"Populus deltoides"
"23","GCA_000001735.2","AEE32509.1"," -"," PTHR11139.orig.30.pi"," -",0,2139.9,28.9,0,2139.6,28.9,"NCBI","Streptophyta",3702,"Arabidopsis thaliana"
"24","GCA_001651475.1","OAP19668.1"," -"," PTHR11139.orig.30.pi"," -",0,2139.9,28.9,0,2139.6,28.9,"NCBI","Streptophyta",3702,"Arabidopsis thaliana"
"25","GCA_902705455.1","CAA0283167.1"," -"," PTHR11139.orig.30.pi"," -",0,2139.9,28.9,0,2139.6,28.9,"NCBI","Streptophyta",3702,"Arabidopsis thaliana"
"26","GCA_905183035.1","CAF2275778.1"," -"," PTHR11139.orig.30.pi"," -",0,2140.2,38.6,0,2139.9,38.6,"NCBI","Streptophyta",3708,"Brassica napus"
"27","GCA_900412535.3","CAG7906808.1"," -"," PTHR11139.orig.30.pi"," -",0,2137.8,38.8,0,2137.4,38.8,"NCBI","Streptophyta",3711,"Brassica rapa"
"28","GCA_000801105.3","KAJ4896600.1"," -"," PTHR11139.orig.30.pi"," -",0,2135.6,29.1,0,2135.4,29.1,"NCBI","Streptophyta",3726,"Raphanus sativus"
"29","GCA_012274485.2","KAF8116697.1"," -"," PTHR11139.orig.30.pi"," -",0,2135.2,29.1,0,2134.9,29.1,"NCBI","Streptophyta",3728,"Sinapis alba"
"30","GCA_004115385.1","RXH87538.1"," -"," PTHR11139.orig.30.pi"," -",0,2174.6,31.4,0,2174.3,31.4,"NCBI","Streptophyta",3750,"Malus domestica"
"31","GCA_021292205.2","KAI5314932.1"," -"," PTHR11139.orig.30.pi"," -",0,2192.6,38.1,0,2192.3,38.1,"NCBI","Streptophyta",3755,"Prunus dulcis"
"32","GCA_902201215.1","VVA15551.1"," -"," PTHR11139.orig.30.pi"," -",0,2192.6,38.1,0,2192.3,38.1,"NCBI","Streptophyta",3755,"Prunus dulcis"
"33","GCA_000346465.2","ONH92055.1"," -"," PTHR11139.orig.30.pi"," -",0,2206.6,36.5,0,2206.3,36.5,"NCBI","Streptophyta",3760,"Prunus persica"
"34","GCA_001972305.1","GAV78802.1"," -"," PTHR11139.orig.30.pi"," -",0,2200.1,36.5,0,2199.8,36.5,"NCBI","Streptophyta",3775,"Cephalotus follicularis"
"35","GCA_041383265.1","KAL1355438.1"," -"," PTHR11139.orig.30.pi"," -",0,2215,36.3,0,2214.7,36.3,"NCBI","Streptophyta",3818,"Arachis hypogaea"
"36","GCA_000340665.2","KYP67396.1"," -"," PTHR11139.orig.30.pi"," -",0,2198.6,34.9,0,2198.3,34.9,"NCBI","Streptophyta",3821,"Cajanus cajan"
"37","GCA_037954105.1","KAK7308127.1"," -"," PTHR11139.orig.30.pi"," -",0,2190.9,34.2,0,2190.6,34.2,"NCBI","Streptophyta",3824,"Canavalia gladiata"
"38","GCA_037953625.1","KAK7270160.1"," -"," PTHR11139.orig.30.pi"," -",0,1642.6,42.8,0,1642.3,42.8,"NCBI","Streptophyta",3830,"Crotalaria pallida"
"39","GCA_000004515.5","KRH77911.1"," -"," PTHR11139.orig.30.pi"," -",0,2197,33.3,0,2196.7,33.3,"NCBI","Streptophyta",3847,"Glycine max"
"40","GCA_012273815.2","KAH1164497.1"," -"," PTHR11139.orig.30.pi"," -",0,2197,33.3,0,2196.7,33.3,"NCBI","Streptophyta",3847,"Glycine max"
"41","GCA_014282095.1","KAG5070424.1"," -"," PTHR11139.orig.30.pi"," -",0,2197,33.3,0,2196.7,33.3,"NCBI","Streptophyta",3847,"Glycine max"
"42","GCA_043381025.1","KAL2669666.1"," -"," PTHR11139.orig.30.pi"," -",0,2197,33.3,0,2196.7,33.3,"NCBI","Streptophyta",3847,"Glycine max"
"43","GCA_044510105.1","KAL3040205.1"," -"," PTHR11139.orig.30.pi"," -",0,2197,33.3,0,2196.7,33.3,"NCBI","Streptophyta",3847,"Glycine max"
"44","GCA_004193775.2","RZC31660.1"," -"," PTHR11139.orig.30.pi"," -",0,2197,33.3,0,2196.7,33.3,"NCBI","Streptophyta",3848,"Glycine soja"
"45","GCA_963859935.3","CAK8539114.1"," -"," PTHR11139.orig.30.pi"," -",0,2112.3,33.8,0,2112,33.8,"NCBI","Streptophyta",3860,"Lathyrus sativus"
"46","GCA_009771035.1","KAE9612798.1"," -"," PTHR11139.orig.30.pi"," -",0,2145,39.7,0,2144.7,39.7,"NCBI","Streptophyta",3870,"Lupinus albus"
"47","GCA_001865875.1","OIW11181.1"," -"," PTHR11139.orig.30.pi"," -",0,2120.2,45.7,0,2119.9,45.7,"NCBI","Streptophyta",3871,"Lupinus angustifolius"
"48","GCA_964019355.1","CAL0314575.1"," -"," PTHR11139.orig.30.pi"," -",0,2181.6,34.6,0,2181.3,34.6,"NCBI","Streptophyta",3873,"Lupinus luteus"
"49","GCA_000219495.2","AES93602.2"," -"," PTHR11139.orig.30.pi"," -",0,2118.6,31.6,0,2118.3,31.6,"NCBI","Streptophyta",3880,"Medicago truncatula"
"50","GCA_003473485.2","RHN53253.1"," -"," PTHR11139.orig.30.pi"," -",0,2118.6,31.6,0,2118.3,31.6,"NCBI","Streptophyta",3880,"Medicago truncatula"
"51","GCA_000499845.2","KAK8471860.1"," -"," PTHR11139.orig.30.pi"," -",0,2197.8,36.7,0,2197.5,36.7,"NCBI","Streptophyta",3885,"Phaseolus vulgaris"
"52","GCA_037954025.1","KAK7366496.1"," -"," PTHR11139.orig.30.pi"," -",0,2190.2,36.2,0,2189.9,36.2,"NCBI","Streptophyta",3886,"Phaseolus coccineus"
"53","GCA_024323335.2","KAI5423535.1"," -"," PTHR11139.orig.30.pi"," -",0,2119.2,31.2,0,2118.9,31.2,"NCBI","Streptophyta",3888,"Pisum sativum"
"54","GCA_037954015.1","KAK7405855.1"," -"," PTHR11139.orig.30.pi"," -",0,2200,38.6,0,2199.7,38.6,"NCBI","Streptophyta",3891,"Psophocarpus tetragonolobus"
"55","GCA_030408175.1","WJX59955.1"," -"," PTHR11139.orig.30.pi"," -",0,2124.8,29,0,2124.5,29,"NCBI","Streptophyta",3899,"Trifolium repens"
"56","GCA_001742945.1","GAU24846.1"," -"," PTHR11139.orig.30.pi"," -",0,2031.1,26.3,0,2030.8,26.3,"NCBI","Streptophyta",3900,"Trifolium subterraneum"
"57","GCA_948472305.1","CAI8587275.1"," -"," PTHR11139.orig.30.pi"," -",0,2120.2,33.8,0,2119.9,33.8,"NCBI","Streptophyta",3906,"Vicia faba"
"58","GCA_001190045.1","KOM26600.1"," -"," PTHR11139.orig.30.pi"," -",0,2202,37.1,0,2201.7,37.1,"NCBI","Streptophyta",3914,"Vigna angularis"
"59","GCA_036885675.1","WVZ11483.1"," -"," PTHR11139.orig.30.pi"," -",0,2053.1,34.8,0,2052.3,34.8,"NCBI","Streptophyta",3915,"Vigna mungo"
"60","GCA_003958685.2","QCD91891.1"," -"," PTHR11139.orig.30.pi"," -",0,2185.3,35.6,0,2185,35.6,"NCBI","Streptophyta",3917,"Vigna unguiculata"
"61","GCA_030052815.1","KAJ9175070.1"," -"," PTHR11139.orig.30.pi"," -",0,2188.2,39.5,0,2187.9,39.5,"NCBI","Streptophyta",3981,"Hevea brasiliensis"
"62","GCA_001659605.2","KAG8650537.1"," -"," PTHR11139.orig.30.pi"," -",0,2191.1,37.1,0,2190.8,37.1,"NCBI","Streptophyta",3983,"Manihot esculenta"
"63","GCA_001659605.2","KAG8650538.1"," -"," PTHR11139.orig.30.pi"," -",0,2191.1,37.1,0,2190.8,37.1,"NCBI","Streptophyta",3983,"Manihot esculenta"
"64","GCA_001659605.2","KAG8650539.1"," -"," PTHR11139.orig.30.pi"," -",0,2191.1,37.1,0,2190.8,37.1,"NCBI","Streptophyta",3983,"Manihot esculenta"
"65","GCA_001659605.2","KAG8650540.1"," -"," PTHR11139.orig.30.pi"," -",0,2191.1,37.1,0,2190.8,37.1,"NCBI","Streptophyta",3983,"Manihot esculenta"
"66","GCA_001659605.2","KAG8650541.1"," -"," PTHR11139.orig.30.pi"," -",0,2191.1,37.1,0,2190.8,37.1,"NCBI","Streptophyta",3983,"Manihot esculenta"
"67","GCA_000151685.2","EEF41094.1"," -"," PTHR11139.orig.30.pi"," -",0,1717.3,35.9,0,1716.8,35.9,"NCBI","Streptophyta",3988,"Ricinus communis"
"68","GCA_025594385.1","KAI9166124.1"," -"," PTHR11139.orig.30.pi"," -",0,2197.5,40.9,0,2197.3,40.9,"NCBI","Streptophyta",4023,"Acer negundo"
"69","GCA_035582765.1","KAK4840641.1"," -"," PTHR11139.orig.30.pi"," -",0,2197.5,40.9,0,2197.3,40.9,"NCBI","Streptophyta",4023,"Acer negundo"
"70","GCA_030979865.1","KAK1591916.1"," -"," PTHR11139.orig.30.pi"," -",0,2205.8,41.3,0,2205.5,41.3,"NCBI","Streptophyta",4024,"Acer saccharum"
"71","GCA_042100155.1","KAL1833712.1"," -"," PTHR11139.orig.30.pi"," -",0,2187.2,36.2,0,2186.9,36.2,"NCBI","Streptophyta",4039,"Daucus carota"
"72","GCA_024505715.1","KAI5667513.1"," -"," PTHR11139.orig.30.pi"," -",0,2220.5,40.8,0,2220.2,40.8,"NCBI","Streptophyta",4058,"Catharanthus roseus"
"73","GCA_000512255.2","PHT63963.1"," -"," PTHR11139.orig.30.pi"," -",0,2068.1,37.6,0,2067.9,37.6,"NCBI","Streptophyta",4072,"Capsicum annuum"
"74","GCA_018107945.1","MCD7463303.1"," -"," PTHR11139.orig.30.pi"," -",0,1633.9,32,0,1633.5,32,"NCBI","Streptophyta",4076,"Datura stramonium"
"75","GCA_006013705.1","TMX04968.1"," -"," PTHR11139.orig.30.pi"," -",0,2218,38.9,0,2217.7,38.9,"NCBI","Streptophyta",4083,"Solanum chilense"
"76","GCA_018258275.1","KAG5625291.1"," -"," PTHR11139.orig.30.pi"," -",0,2069.3,40,0,2068.9,40,"NCBI","Streptophyta",4109,"Solanum commersonii"
"77","GCA_020169535.1","KAH0784942.1"," -"," PTHR11139.orig.30.pi"," -",0,2204.1,39.3,0,2203.7,39.3,"NCBI","Streptophyta",4113,"Solanum tuberosum"
"78","GCA_000504015.1","EYU37539.1"," -"," PTHR11139.orig.30.pi"," -",0,2156.5,32.3,0,2156.2,32.3,"NCBI","Streptophyta",4155,"Erythranthe guttata"
"79","GCA_008636005.1","GER49132.1"," -"," PTHR11139.orig.30.pi"," -",0,2018.6,29.6,0,2018.2,29.6,"NCBI","Streptophyta",4170,"Striga asiatica"
"80","GCA_001692995.2","KAL2254532.1"," -"," PTHR11139.orig.30.pi"," -",0,2172.7,38.6,0,2172.3,38.6,"NCBI","Streptophyta",4182,"Sesamum indicum"
"81","GCA_024762085.1","KAI7751841.1"," -"," PTHR11139.orig.30.pi"," -",9.9e-283,943.3,23.5,4e-283,942.8,23.5,"NCBI","Streptophyta",4212,"Ambrosia artemisiifolia"
"82","GCA_023525745.1","KAI3669407.1"," -"," PTHR11139.orig.30.pi"," -",0,2203.5,35.5,0,2203.2,35.5,"NCBI","Streptophyta",4217,"Arctium lappa"
"83","GCA_026652165.1","KAJ0795713.1"," -"," PTHR11139.orig.30.pi"," -",0,2184.3,33.1,0,2184,33.1,"NCBI","Streptophyta",4232,"Helianthus annuus"
"84","GCA_002870075.4","KAJ0213598.1"," -"," PTHR11139.orig.30.pi"," -",0,2174.9,33.6,0,2174.6,33.6,"NCBI","Streptophyta",4236,"Lactuca sativa"
"85","GCA_963931755.2","CAL5377542.1"," -"," PTHR11139.orig.30.pi"," -",0,2170.1,33.2,0,2169.8,33.2,"NCBI","Streptophyta",4442,"Camellia sinensis"
"86","GCA_009445465.1","MQL84785.1"," -"," PTHR11139.orig.30.pi"," -",0,1509.5,26.1,0,1509.2,26.1,"NCBI","Streptophyta",4460,"Colocasia esculenta"
"87","GCA_030737845.1","KAK1307008.1"," -"," PTHR11139.orig.30.pi"," -",0,2141.6,36.2,0,2141.3,36.2,"NCBI","Streptophyta",4465,"Acorus calamus"
"88","GCA_024137805.1","KAI5018277.1"," -"," PTHR11139.orig.30.pi"," -",0,2047.8,30.5,0,2047.5,30.5,"NCBI","Streptophyta",4513,"Hordeum vulgare"
"89","GCA_030979885.1","KAK1613216.1"," -"," PTHR11139.orig.30.pi"," -",0,1488.2,28.8,0,1487.9,28.8,"NCBI","Streptophyta",4521,"Lolium multiflorum"
"90","GCA_004007595.1","KAB8098635.1"," -"," PTHR11139.orig.30.pi"," -",0,2067.4,34.6,0,2067.1,34.6,"NCBI","Streptophyta",4530,"Oryza sativa"
"91","GCA_003046395.2","RLM99710.1"," -"," PTHR11139.orig.30.pi"," -",0,2049,38.9,0,2048.7,38.9,"NCBI","Streptophyta",4540,"Panicum miliaceum"
"92","GCA_000263155.2","RCV18106.1"," -"," PTHR11139.orig.30.pi"," -",0,2051.4,36.3,0,2051.1,36.3,"NCBI","Streptophyta",4555,"Setaria italica"
"93","GCA_005286985.2","TKW27799.1"," -"," PTHR11139.orig.30.pi"," -",0,2071,38,0,2070.7,38,"NCBI","Streptophyta",4556,"Setaria viridis"
"94","GCA_000003195.3","OQU77830.1"," -"," PTHR11139.orig.30.pi"," -",0,2067.1,34.4,0,2066.8,34.4,"NCBI","Streptophyta",4558,"Sorghum bicolor"
"95","GCA_015952705.1","KAG0517731.1"," -"," PTHR11139.orig.30.pi"," -",0,2067.1,34.4,0,2066.8,34.4,"NCBI","Streptophyta",4558,"Sorghum bicolor"
"96","GCA_002220415.3","KAF6989833.1"," -"," PTHR11139.orig.30.pi"," -",0,2048.2,34.5,0,2047.9,34.5,"NCBI","Streptophyta",4565,"Triticum aestivum"
"97","GCA_040256815.2","XBJ17610.1"," -"," PTHR11139.orig.30.pi"," -",0,2048.2,34.5,0,2047.9,34.5,"NCBI","Streptophyta",4565,"Triticum aestivum"
"98","GCA_900231445.1","VAH18391.1"," -"," PTHR11139.orig.30.pi"," -",0,2048.1,34.7,0,2047.8,34.7,"NCBI","Streptophyta",4567,"Triticum turgidum subsp. durum"
"99","GCA_000347455.1","EMS66852.1"," -"," PTHR11139.orig.30.pi"," -",0,1801.4,30.1,0,1710.8,27.8,"NCBI","Streptophyta",4572,"Triticum urartu"
"100","GCA_000005005.6","AQK85283.1"," -"," PTHR11139.orig.30.pi"," -",0,1696.9,26.3,0,1696.8,26.3,"NCBI","Streptophyta",4577,"Zea mays"
"101","GCA_001661175.1","OAY77345.1"," -"," PTHR11139.orig.30.pi"," -",0,2121.4,42,0,2121,42,"NCBI","Streptophyta",4615,"Ananas comosus"
"102","GCA_034359265.1","WOK94449.1"," -"," PTHR11139.orig.30.pi"," -",0,2079.1,40.3,0,2078.9,40.3,"NCBI","Streptophyta",4628,"Canna indica"
"103","GCA_029747655.1","KAJ8485116.1"," -"," PTHR11139.orig.30.pi"," -",0,2091.5,35.4,0,2091.2,35.4,"NCBI","Streptophyta",4639,"Ensete ventricosum"
"104","GCA_001876935.1","ONK62905.1"," -"," PTHR11139.orig.30.pi"," -",0,1547,50.5,0,1546.6,50.5,"NCBI","Streptophyta",4686,"Asparagus officinalis"
"105","GCA_911865555.2","CAH2036302.1"," -"," PTHR11139.orig.30.pi"," -",0,2154.1,28.4,0,2153.8,28.4,"NCBI","Streptophyta",13288,"Thlaspi arvense"
"106","GCA_000471905.1","ERM95810.1"," -"," PTHR11139.orig.30.pi"," -",0,2149.1,32.7,0,2148.8,32.7,"NCBI","Streptophyta",13333,"Amborella trichopoda"
"107","GCA_023525715.1","KAI3710823.1"," -"," PTHR11139.orig.30.pi"," -",0,1634.4,31.5,0,1634.1,31.5,"NCBI","Streptophyta",13427,"Cichorium intybus"
"108","GCA_027726005.1","KAJ3676103.1"," -"," PTHR11139.orig.30.pi"," -",0,2049.5,29.6,0,2049.2,29.6,"NCBI","Streptophyta",13579,"Juncus effusus"
"109","GCA_030867185.1","KAK1436478.1"," -"," PTHR11139.orig.30.pi"," -",0,2175.7,36.7,0,2175.4,36.7,"NCBI","Streptophyta",13708,"Tagetes erecta"
"110","GCA_015143295.1","KAF8405476.1"," -"," PTHR11139.orig.30.pi"," -",0,1709.2,37.7,0,1708.8,37.7,"NCBI","Streptophyta",13715,"Tetracentron sinense"
"111","GCA_014529385.2","KAI5082253.1"," -"," PTHR11139.orig.30.pi"," -",0,1951.5,26.7,0,1951.2,26.7,"NCBI","Streptophyta",13818,"Adiantum capillus-veneris"
"112","GCA_008124465.1","KAG1342788.1"," -"," PTHR11139.orig.30.pi"," -",0,2098.1,43.5,0,2097.9,43.5,"NCBI","Streptophyta",13894,"Cocos nucifera"
"113","GCA_000005505.4","KQK06717.1"," -"," PTHR11139.orig.30.pi"," -",0,2052.8,33,0,2052.5,33,"NCBI","Streptophyta",15368,"Brachypodium distachyon"
"114","GCA_002201585.1","OWM79129.1"," -"," PTHR11139.orig.30.pi"," -",0,2063.7,34.1,0,2063.3,34.1,"NCBI","Streptophyta",22663,"Punica granatum"
"115","GCA_035582545.1","KAK4768998.1"," -"," PTHR11139.orig.30.pi"," -",0,2057.8,44.2,0,2057.3,44.2,"NCBI","Streptophyta",22666,"Trapa natans"
"116","GCA_041381175.1","KAL1534483.1"," -"," PTHR11139.orig.30.pi"," -",0,2138.4,36.1,0,2138.1,36.1,"NCBI","Streptophyta",28513,"Salvia divinorum"
"117","GCA_001185155.1","KMZ67855.1"," -"," PTHR11139.orig.30.pi"," -",0,2079,29.6,0,2078.7,29.6,"NCBI","Streptophyta",29655,"Zostera marina"
"118","GCA_932364175.1","CAH8349445.1"," -"," PTHR11139.orig.30.pi"," -",0,2139.3,29.8,0,2139,29.8,"NCBI","Streptophyta",29727,"Eruca vesicaria subsp. sativa"
"119","GCA_036320975.1","KAK5774468.1"," -"," PTHR11139.orig.30.pi"," -",0,2211.4,39.3,0,2211,39.3,"NCBI","Streptophyta",29729,"Gossypium arboreum"
"120","GCA_000327365.2","KJB46788.1"," -"," PTHR11139.orig.30.pi"," -",0,2232.4,38.1,0,2232.1,38.1,"NCBI","Streptophyta",29730,"Gossypium raimondii"
"121","GCA_030704535.1","WJZ84123.1"," -"," PTHR11139.orig.30.pi"," -",0,2312.6,38.5,0,2312.3,38.5,"NCBI","Streptophyta",29760,"Vitis vinifera"
"122","GCA_019776745.2","KAH9295237.1"," -"," PTHR11139.orig.30.pi"," -",0,2030.5,26.2,0,2030.2,26.2,"NCBI","Streptophyta",29808,"Taxus chinensis"
"123","GCA_029216955.1","KAJ6808711.1"," -"," PTHR11139.orig.30.pi"," -",0,2041.5,35.4,0,2041.3,35.4,"NCBI","Streptophyta",29817,"Iris pallida"
"124","GCA_018689175.1","KAG7976567.1"," -"," PTHR11139.orig.30.pi"," -",0,2154.9,27.8,0,2154.6,27.8,"NCBI","Streptophyta",32201,"Carya illinoinensis"
"125","GCA_029379385.1","KAJ7946207.1"," -"," PTHR11139.orig.30.pi"," -",0,2179.8,33.1,0,2179.5,33.1,"NCBI","Streptophyta",32244,"Quillaja saponaria"
"126","GCA_002271885.2","PHT56500.1"," -"," PTHR11139.orig.30.pi"," -",0,1471.4,50.4,0,1467.7,50.4,"NCBI","Streptophyta",33114,"Capsicum baccatum"
"127","GCA_029204225.1","KAJ7542469.1"," -"," PTHR11139.orig.30.pi"," -",0,1980.2,28.6,0,1979.9,28.6,"NCBI","Streptophyta",34168,"Diphasiastrum complanatum"
"128","GCA_040372305.1","GAA0141725.1"," -"," PTHR11139.orig.30.pi"," -",0,2144.7,33,0,2144.4,33,"NCBI","Streptophyta",34254,"Lithospermum erythrorhizon"
"129","GCA_007990455.1","TYI49217.1"," -"," PTHR11139.orig.30.pi"," -",0,2230.2,39.6,0,2229.9,39.6,"NCBI","Streptophyta",34275,"Gossypium mustelinum"
"130","GCA_007990325.1","TYG39509.1"," -"," PTHR11139.orig.30.pi"," -",0,2227.4,40.1,0,2227,40.1,"NCBI","Streptophyta",34276,"Gossypium darwinii"
"131","GCA_007990485.1","TYI41327.1"," -"," PTHR11139.orig.30.pi"," -",0,2212.2,37.7,0,2211.9,37.7,"NCBI","Streptophyta",34277,"Gossypium tomentosum"
"132","GCA_013467465.1","MBA0771746.1"," -"," PTHR11139.orig.30.pi"," -",0,1715,40.2,0,1714.7,40.2,"NCBI","Streptophyta",34281,"Gossypium trilobum"
"133","GCA_013467495.1","MBA0733361.1"," -"," PTHR11139.orig.30.pi"," -",0,2107.7,41.4,0,1814.7,35.6,"NCBI","Streptophyta",34282,"Gossypium gossypioides"
"134","GCA_013677265.1","MBA0833667.1"," -"," PTHR11139.orig.30.pi"," -",0,1586.4,33.3,0,1586.1,33.3,"NCBI","Streptophyta",34283,"Gossypium armourianum"
"135","GCA_013677255.1","MBA0804498.1"," -"," PTHR11139.orig.30.pi"," -",0,1723.3,38.8,0,1723,38.8,"NCBI","Streptophyta",34285,"Gossypium harknessii"
"136","GCA_013677235.1","MBA0641013.1"," -"," PTHR11139.orig.30.pi"," -",0,1706.7,29.7,0,1706.4,29.7,"NCBI","Streptophyta",34286,"Gossypium klotzschianum"
"137","GCA_013677245.1","MBA0619916.1"," -"," PTHR11139.orig.30.pi"," -",0,1747.8,39.1,0,1747.4,39.1,"NCBI","Streptophyta",34287,"Gossypium davidsonii"
"138","GCA_013511315.1","MBA0717087.1"," -"," PTHR11139.orig.30.pi"," -",0,1729.1,39.5,0,1728.8,39.5,"NCBI","Streptophyta",34288,"Gossypium laxum"
"139","GCA_013467485.1","MBA0562234.1"," -"," PTHR11139.orig.30.pi"," -",0,1150.7,46,0,1150.4,46,"NCBI","Streptophyta",34289,"Gossypium lobatum"
"140","GCA_013487665.1","MBA0688127.1"," -"," PTHR11139.orig.30.pi"," -",0,1109.8,46.1,0,1109.5,46.1,"NCBI","Streptophyta",34290,"Gossypium aridum"
"141","GCA_013677275.1","MBA0862604.1"," -"," PTHR11139.orig.30.pi"," -",0,1721.1,40.8,0,1720.7,40.8,"NCBI","Streptophyta",34291,"Gossypium schwendimanii"
"142","GCA_003112345.1","PWA90616.1"," -"," PTHR11139.orig.30.pi"," -",0,2182.2,40.2,0,2181.9,40.2,"NCBI","Streptophyta",35608,"Artemisia annua"
"143","GCA_964259005.1","CAL8177000.1"," -"," PTHR11139.orig.30.pi"," -",0,2205.3,36.1,0,2204.9,36.1,"NCBI","Streptophyta",36596,"Prunus armeniaca"
"144","GCA_018691285.1","KAG6571908.1"," -"," PTHR11139.orig.30.pi"," -",0,2201.1,35.6,0,2200.9,35.6,"NCBI","Streptophyta",37648,"Cucurbita argyrosperma subsp. sororia"
"145","GCA_007726485.1","TVU18963.1"," -"," PTHR11139.orig.30.pi"," -",0,2038,38.8,0,2037.7,38.8,"NCBI","Streptophyta",38414,"Eragrostis curvula"
"146","GCA_016808335.1","KAG2619822.1"," -"," PTHR11139.orig.30.pi"," -",0,2062.8,36.2,0,2062.5,36.2,"NCBI","Streptophyta",38727,"Panicum virgatum"
"147","GCA_905216605.1","CAE5959798.1"," -"," PTHR11139.orig.30.pi"," -",0,2145.6,27.5,0,2145.3,27.5,"NCBI","Streptophyta",38785,"Arabidopsis arenosa"
"148","GCA_028411795.1","WCJ18059.1"," -"," PTHR11139.orig.30.pi"," -",0,2167.1,37.5,0,2166.9,37.5,"NCBI","Streptophyta",38846,"Euphorbia peplus"
"149","GCA_014058105.1","KAF6172500.1"," -"," PTHR11139.orig.30.pi"," -",0,2093.3,31.9,0,2093,31.9,"NCBI","Streptophyta",39325,"Kingdonia uniflora"
"150","GCA_022085475.1","KAH9605868.1"," -"," PTHR11139.orig.30.pi"," -",0,1966.8,38.8,0,1664.7,33.7,"NCBI","Streptophyta",39905,"Heliosperma pusillum"
"151","GCA_000004655.2","EEC78810.1"," -"," PTHR11139.orig.30.pi"," -",0,2045.6,33.2,0,2045.3,33.2,"NCBI","Streptophyta",39946,"Oryza sativa Indica Group"
"152","GCA_009797565.1","KAF2929771.1"," -"," PTHR11139.orig.30.pi"," -",0,2067.4,34.6,0,2067.1,34.6,"NCBI","Streptophyta",39947,"Oryza sativa Japonica Group"
"153","GCA_029228465.1","KAJ6751102.1"," -"," PTHR11139.orig.30.pi"," -",0,2162.8,35.1,0,2162.5,35.1,"NCBI","Streptophyta",40686,"Salix viminalis"
"154","GCA_945859875.1","CAH9109656.1"," -"," PTHR11139.orig.30.pi"," -",0,2182.7,37.1,0,2182.4,37.1,"NCBI","Streptophyta",41803,"Cuscuta europaea"
"155","GCA_043381455.1","KAL2621813.1"," -"," PTHR11139.orig.30.pi"," -",0,1878.3,26.4,0,1878,26.4,"NCBI","Streptophyta",41844,"Riccia fluitans"
"156","GCA_005239225.1","TKS10553.1"," -"," PTHR11139.orig.30.pi"," -",0,2189.4,39.1,0,2189.1,39.1,"NCBI","Streptophyta",43335,"Populus alba"
"157","GCA_037962975.1","KAK7280606.1"," -"," PTHR11139.orig.30.pi"," -",0,1628.4,48.5,0,1628.1,48.5,"NCBI","Streptophyta",43366,"Clitoria ternatea"
"158","GCA_033220585.1","KAK3212037.1"," -"," PTHR11139.orig.30.pi"," -",0,2182.4,38,0,2181.9,38,"NCBI","Streptophyta",43782,"Dipteronia sinensis"
"159","GCA_019202805.1","KAG7600034.1"," -"," PTHR11139.orig.30.pi"," -",0,2145.1,27.5,0,2144.8,27.5,"NCBI","Streptophyta",45249,"Arabidopsis suecica"
"160","GCA_013358455.1","KAF5177476.1"," -"," PTHR11139.orig.30.pi"," -",0,2197.8,31.2,0,2197.5,31.2,"NCBI","Streptophyta",46969,"Thalictrum thalictroides"
"161","GCA_019455425.1","KAG8502043.1"," -"," PTHR11139.orig.30.pi"," -",0,2186.5,34.6,0,2186.2,34.6,"NCBI","Streptophyta",47600,"Gossypium anomalum"
"162","GCA_020496765.1","KAH1120374.1"," -"," PTHR11139.orig.30.pi"," -",0,2206.6,38.2,0,2206.3,38.2,"NCBI","Streptophyta",47602,"Gossypium stocksii"
"163","GCA_005393395.2","KAA3462810.1"," -"," PTHR11139.orig.30.pi"," -",0,1739,40,0,1738.7,40,"NCBI","Streptophyta",47621,"Gossypium australe"
"164","GCA_025413875.1","KAI8532593.1"," -"," PTHR11139.orig.30.pi"," -",0,2159.7,37.3,0,2159.3,37.3,"NCBI","Streptophyta",49168,"Rhododendron molle"
"165","GCA_900059795.1","CDO97312.1"," -"," PTHR11139.orig.30.pi"," -",0,2050,39.7,0,2049.7,39.7,"NCBI","Streptophyta",49390,"Coffea canephora"
"166","GCA_001879085.1","OIT07029.1"," -"," PTHR11139.orig.30.pi"," -",0,1660.8,32.4,0,1660.5,32.4,"NCBI","Streptophyta",49451,"Nicotiana attenuata"
"167","GCA_020310875.1","KAH7432381.1"," -"," PTHR11139.orig.30.pi"," -",0,1464,45.1,0,1463.7,45.1,"NCBI","Streptophyta",49495,"Ceratopteris richardii"
"168","GCA_035578085.1","KAK4739891.1"," -"," PTHR11139.orig.30.pi"," -",0,2222.1,38.7,0,2221.8,38.7,"NCBI","Streptophyta",50273,"Solanum pinnatisectum"
"169","GCA_000733195.1","KFK35952.1"," -"," PTHR11139.orig.30.pi"," -",0,2142.1,29.3,0,2141.8,29.3,"NCBI","Streptophyta",50452,"Arabis alpina"
"170","GCA_016413895.1","KAG0469712.1"," -"," PTHR11139.orig.30.pi"," -",0,2082.5,36,0,2082.2,36,"NCBI","Streptophyta",51239,"Vanilla planifolia"
"171","GCA_001411555.2","KAF5444271.1"," -"," PTHR11139.orig.30.pi"," -",0,2165,28.5,0,2164.7,28.5,"NCBI","Streptophyta",51240,"Juglans regia"
"172","GCA_902729315.2","CAA7396540.1"," -"," PTHR11139.orig.30.pi"," -",0,2067.4,35.7,0,2067.2,35.7,"NCBI","Streptophyta",51605,"Spirodela intermedia"
"173","GCA_016771965.1","KAG2270366.1"," -"," PTHR11139.orig.30.pi"," -",0,2137,30.7,0,2136.7,30.7,"NCBI","Streptophyta",52824,"Brassica carinata"
"174","GCA_040584065.1","KAL0815347.1"," -"," PTHR11139.orig.30.pi"," -",0,2137,30.7,0,2136.7,30.7,"NCBI","Streptophyta",52824,"Brassica carinata"
"175","GCA_004837865.1","THU71429.1"," -"," PTHR11139.orig.30.pi"," -",0,1803.5,35,0,1513.2,24.5,"NCBI","Streptophyta",52838,"Musa balbisiana"
"176","GCA_021442195.1","KAH8964466.1"," -"," PTHR11139.orig.30.pi"," -",0,1904.3,33.3,0,1904,33.3,"NCBI","Streptophyta",53036,"Sphagnum fallax"
"177","GCA_030737835.1","KAK1259623.1"," -"," PTHR11139.orig.30.pi"," -",0,1921.8,34.8,0,1921.5,34.8,"NCBI","Streptophyta",55184,"Acorus gramineus"
"178","GCA_002897195.1","GAY48787.1"," -"," PTHR11139.orig.30.pi"," -",0,2179.6,29.7,0,2179.3,29.7,"NCBI","Streptophyta",55188,"Citrus unshiu"
"179","GCA_020875875.1","KAH7665067.1"," -"," PTHR11139.orig.30.pi"," -",0,2142.9,43,0,2142.6,43,"NCBI","Streptophyta",55571,"Dioscorea alata"
"180","GCA_912172775.2","CAI9770052.1"," -"," PTHR11139.orig.30.pi"," -",0,2485.3,57,0,1752.1,32.8,"NCBI","Streptophyta",56036,"Fraxinus pennsylvanica"
"181","GCA_002174775.1","OVA08038.1"," -"," PTHR11139.orig.30.pi"," -",0,2209,35.1,0,2208.7,35.1,"NCBI","Streptophyta",56857,"Macleaya cordata"
"182","GCA_014180765.2","KAG6541395.1"," -"," PTHR11139.orig.30.pi"," -",0,1886.7,30.5,0,1886.4,30.5,"NCBI","Streptophyta",56867,"Marchantia paleacea"
"183","GCA_949352195.3","CAJ2651022.1"," -"," PTHR11139.orig.30.pi"," -",0,2115.5,28.4,0,2115.2,28.4,"NCBI","Streptophyta",57577,"Trifolium pratense"
"184","GCA_002906115.5","KAK7838635.1"," -"," PTHR11139.orig.30.pi"," -",0,1674.2,44.3,0,1670.6,44.3,"NCBI","Streptophyta",58331,"Quercus suber"
"185","GCA_040183295.1","KAK9941753.1"," -"," PTHR11139.orig.30.pi"," -",0,2046.4,30.3,0,2045.6,30.3,"NCBI","Streptophyta",59490,"Rubus argutus"
"186","GCA_944990045.1","CAH8255135.1"," -"," PTHR11139.orig.30.pi"," -",0,2156.2,28.5,0,2155.9,28.5,"NCBI","Streptophyta",59689,"Arabidopsis lyrata"
"187","GCA_001531365.2","KVH96544.1"," -"," PTHR11139.orig.30.pi"," -",0,1493.2,33.6,0,1487,33.6,"NCBI","Streptophyta",59895,"Cynara cardunculus var. scolymus"
"188","GCA_000763605.2","KAF3971928.1"," -"," PTHR11139.orig.30.pi"," -",0,1846.4,29.5,0,1846.1,29.5,"NCBI","Streptophyta",60419,"Castanea mollissima"
"189","GCA_045791845.1","KAL3382656.1"," -"," PTHR11139.orig.30.pi"," -",0,2219.9,38.7,0,2219.6,38.7,"NCBI","Streptophyta",62892,"Solanum stoloniferum"
"190","GCA_002914845.1","PON86827.1"," -"," PTHR11139.orig.30.pi"," -",0,2203.1,34.9,0,2202.7,34.9,"NCBI","Streptophyta",63057,"Trema orientale"
"191","GCA_039720395.1","KAK9286670.1"," -"," PTHR11139.orig.30.pi"," -",0,2199.5,39.8,0,2199.2,39.8,"NCBI","Streptophyta",63359,"Liquidambar formosana"
"192","GCA_902706635.1","CAA0807435.1"," -"," PTHR11139.orig.30.pi"," -",0,2065.6,36.4,0,2065.2,36.4,"NCBI","Streptophyta",68872,"Striga hermonthica"
"193","GCA_003260635.2","KAF2557039.1"," -"," PTHR11139.orig.30.pi"," -",0,2136,32.1,0,2135.7,32.1,"NCBI","Streptophyta",69181,"Brassica cretica"
"194","GCA_003427395.1","GBG70226.1"," -"," PTHR11139.orig.30.pi"," -",0,1193.7,0,0,1192.1,0,"NCBI","Streptophyta",69332,"Chara braunii"
"195","GCA_000612305.2","KAK3414003.1"," -"," PTHR11139.orig.30.pi"," -",0,2142.4,28.9,0,2142.1,28.9,"NCBI","Streptophyta",71139,"Eucalyptus grandis"
"196","GCA_026261945.1","KAJ0250314.1"," -"," PTHR11139.orig.30.pi"," -",0,2139.6,27.7,0,2139.3,27.7,"NCBI","Streptophyta",71354,"Hirschfeldia incana"
"197","GCA_000478725.1","ESQ30472.1"," -"," PTHR11139.orig.30.pi"," -",0,2154.3,29,0,2154.1,29,"NCBI","Streptophyta",72664,"Eutrema salsugineum"
"198","GCA_002994745.2","PRQ22228.1"," -"," PTHR11139.orig.30.pi"," -",0,2194.4,34.9,0,2194.1,34.9,"NCBI","Streptophyta",74649,"Rosa chinensis"
"199","GCA_023531435.1","KAI3980593.1"," -"," PTHR11139.orig.30.pi"," -",0,1616,34.9,0,1615.7,34.9,"NCBI","Streptophyta",74822,"Papaver californicum"
"200","GCA_023529015.1","MCL7051841.1"," -"," PTHR11139.orig.30.pi"," -",0,1582.7,34,0,1582.4,34,"NCBI","Streptophyta",74823,"Papaver nudicaule"
"201","GCA_928212115.1","CAH1421636.1"," -"," PTHR11139.orig.30.pi"," -",0,2174.9,36.3,0,2174.6,36.3,"NCBI","Streptophyta",75947,"Lactuca virosa"
"202","GCA_949927565.1","CAI9282377.1"," -"," PTHR11139.orig.30.pi"," -",0,2183.6,35,0,2183.3,35,"NCBI","Streptophyta",75948,"Lactuca saligna"
"203","GCA_963924115.1","CAK7330253.1"," -"," PTHR11139.orig.30.pi"," -",0,1789.4,28.2,0,1781,28.2,"NCBI","Streptophyta",77055,"Dovyalis caffra"
"204","GCA_029228495.1","KAJ6754878.1"," -"," PTHR11139.orig.30.pi"," -",0,2182.6,35.2,0,2182.3,35.2,"NCBI","Streptophyta",77065,"Salix purpurea"
"205","GCA_036250425.1","MED6217735.1"," -"," PTHR11139.orig.30.pi"," -",0,1305,20.4,0,1304.8,20.4,"NCBI","Streptophyta",79078,"Stylosanthes scabra"
"206","GCA_001625215.2","WOG84634.1"," -"," PTHR11139.orig.30.pi"," -",0,2197.3,36.9,0,2197,36.9,"NCBI","Streptophyta",79200,"Daucus carota subsp. sativus"
"207","GCA_002271895.2","PHT98223.1"," -"," PTHR11139.orig.30.pi"," -",0,1986.5,36.7,0,1986.3,36.7,"NCBI","Streptophyta",80379,"Capsicum chinense"
"208","GCA_964271285.1","CAL9218341.1"," -"," PTHR11139.orig.30.pi"," -",0,2143.5,28.7,0,2143.2,28.7,"NCBI","Streptophyta",81970,"Arabidopsis halleri"
"209","GCA_000004255.1","EFH70487.1"," -"," PTHR11139.orig.30.pi"," -",0,2158.4,28.6,0,2158.1,28.6,"NCBI","Streptophyta",81972,"Arabidopsis lyrata subsp. lyrata"
"210","GCA_000375325.1","EOA39467.1"," -"," PTHR11139.orig.30.pi"," -",0,2146.8,29.4,0,2146.5,29.4,"NCBI","Streptophyta",81985,"Capsella rubella"
"211","GCA_000493195.1","ESR35974.1"," -"," PTHR11139.orig.30.pi"," -",0,2218,32.3,0,2217.7,32.3,"NCBI","Streptophyta",85681,"Citrus x clementina"
"212","GCA_000143415.2","EFJ26294.1"," -"," PTHR11139.orig.30.pi"," -",0,1722.1,35.7,0,1720.2,35.7,"NCBI","Streptophyta",88036,"Selaginella moellendorffii"
"213","GCA_963425845.1","CAJ1977648.1"," -"," PTHR11139.orig.30.pi"," -",0,1680,42,0,1679.6,42,"NCBI","Streptophyta",92480,"Sphenostylis stenocarpa"
"214","GCA_001974825.2","OMO63404.1"," -"," PTHR11139.orig.30.pi"," -",0,1922.4,45.1,0,1914.9,45.1,"NCBI","Streptophyta",93759,"Corchorus olitorius"
"215","GCA_022539455.1","KAI0494949.1"," -"," PTHR11139.orig.30.pi"," -",0,3401.7,64.5,0,1931.3,31.3,"NCBI","Streptophyta",94219,"Dendrobium nobile"
"216","GCA_018446385.1","KAG6502469.1"," -"," PTHR11139.orig.30.pi"," -",0,2048.3,32.9,0,2048,32.9,"NCBI","Streptophyta",94328,"Zingiber officinale"
"217","GCA_003490085.1","MCH83856.1"," -"," PTHR11139.orig.30.pi"," -",3.3e-118,399.2,16.1,4e-119,398.8,16.1,"NCBI","Streptophyta",97028,"Trifolium medium"
"218","GCA_016081115.2","KAK6118684.1"," -"," PTHR11139.orig.30.pi"," -",0,1522,28.6,0,1521.5,28.6,"NCBI","Streptophyta",99300,"Rehmannia glutinosa"
"219","GCA_020796215.1","KAH7574841.1"," -"," PTHR11139.orig.30.pi"," -",0,1765.1,37.9,0,1764.8,37.9,"NCBI","Streptophyta",99658,"Xanthoceras sorbifolium"
"220","GCA_030254885.1","KAJ9704512.1"," -"," PTHR11139.orig.30.pi"," -",0,1725.4,38.2,0,1725.1,38.2,"NCBI","Streptophyta",103349,"Vitis rotundifolia"
"221","GCA_019279435.1","KAG8096144.1"," -"," PTHR11139.orig.30.pi"," -",0,2081.7,30.1,0,2081.4,30.1,"NCBI","Streptophyta",103762,"Zizania palustris"
"222","GCA_000708835.1","GAQ87481.1"," -"," PTHR11139.orig.30.pi"," -",0,1888.8,27.8,0,1888.5,27.8,"NCBI","Streptophyta",105231,"Klebsormidium nitens"
"223","GCA_006381635.2","KAE8671371.1"," -"," PTHR11139.orig.30.pi"," -",0,1708,37.8,0,1707.7,37.8,"NCBI","Streptophyta",106335,"Hibiscus syriacus"
"224","GCA_006547085.1","TQE12078.1"," -"," PTHR11139.orig.30.pi"," -",0,2186.4,32.6,0,2186.1,32.6,"NCBI","Streptophyta",106549,"Malus baccata"
"225","GCA_005223365.2","KAF0927267.1"," -"," PTHR11139.orig.30.pi"," -",0,2072.7,34.5,0,2072.4,34.5,"NCBI","Streptophyta",110450,"Oryza meyeriana var. granulata"
"226","GCA_033065855.1","KAK2974308.1"," -"," PTHR11139.orig.30.pi"," -",0,1661,40.4,0,1660.7,40.4,"NCBI","Streptophyta",112253,"Escallonia rubra"
"227","GCA_964340505.1","CAM0955895.1"," -"," PTHR11139.orig.30.pi"," -",0,2063.2,34,0,2062.9,34,"NCBI","Streptophyta",114194,"Alopecurus aequalis"
"228","GCA_023376185.1","KAI3499923.1"," -"," PTHR11139.orig.30.pi"," -",0,2194.9,33.3,0,2194.6,33.3,"NCBI","Streptophyta",114280,"Cichorium endivia"
"229","GCA_040670175.1","KAL0908736.1"," -"," PTHR11139.orig.30.pi"," -",0,2102.1,32.5,0,2101.8,32.5,"NCBI","Streptophyta",117978,"Dendrobium thyrsiflorum"
"230","GCA_014282245.1","KAF7126560.1"," -"," PTHR11139.orig.30.pi"," -",0,2070.2,40.4,0,2067.1,40.4,"NCBI","Streptophyta",118357,"Rhododendron simsii"
"231","GCA_018804465.1","KAG6789687.1"," -"," PTHR11139.orig.30.pi"," -",0,2162.6,40.4,0,2162.1,40.4,"NCBI","Streptophyta",118781,"Populus tomentosa"
"232","GCA_023653495.1","KAI4367546.1"," -"," PTHR11139.orig.30.pi"," -",0,2093.8,36.4,0,2093.5,36.4,"NCBI","Streptophyta",119954,"Melastoma candidum"
"233","GCA_023344035.1","KAI3441185.1"," -"," PTHR11139.orig.30.pi"," -",0,1667.9,37.2,0,1667.6,37.2,"NCBI","Streptophyta",120290,"Psidium guajava"
"234","GCA_043235775.1","KAL2460340.1"," -"," PTHR11139.orig.30.pi"," -",0,2154.1,42.9,0,2153.7,42.9,"NCBI","Streptophyta",126358,"Abeliophyllum distichum"
"235","GCA_964014455.1","CAK9874820.1"," -"," PTHR11139.orig.30.pi"," -",0,1902,32.4,0,1901.7,32.3,"NCBI","Streptophyta",128206,"Sphagnum jensenii"
"236","GCA_021904315.1","KAH9565310.1"," -"," PTHR11139.orig.30.pi"," -",0,1895.9,33.7,0,1895.6,33.7,"NCBI","Streptophyta",128215,"Sphagnum magellanicum"
"237","GCA_021904315.1","KAH9565311.1"," -"," PTHR11139.orig.30.pi"," -",0,1895.9,33.7,0,1895.6,33.7,"NCBI","Streptophyta",128215,"Sphagnum magellanicum"
"238","GCA_963970355.1","CAK9222970.1"," -"," PTHR11139.orig.30.pi"," -",0,1901.9,29.9,0,1901.6,29.9,"NCBI","Streptophyta",128251,"Sphagnum troendelagicum"
"239","GCA_900332095.2","VFQ96023.1"," -"," PTHR11139.orig.30.pi"," -",0,2174.4,36.4,0,2174.1,36.4,"NCBI","Streptophyta",132261,"Cuscuta campestris"
"240","GCA_037074985.1","KAK6805574.1"," -"," PTHR11139.orig.30.pi"," -",0,2219.1,39.5,0,2218.9,39.5,"NCBI","Streptophyta",147425,"Solanum bulbocastanum"
"241","GCA_033239525.1","GMH23702.1"," -"," PTHR11139.orig.30.pi"," -",0,2145.2,37.6,0,2144.8,37.6,"NCBI","Streptophyta",150966,"Nepenthes gracilis"
"242","GCA_019511825.2","KAH6777085.1"," -"," PTHR11139.orig.30.pi"," -",0,1614.9,43.9,0,1614.6,43.9,"NCBI","Streptophyta",151328,"Perilla frutescens var. frutescens"
"243","GCA_964267205.1","CAL9022648.1"," -"," PTHR11139.orig.30.pi"," -",0,2182.5,34.4,0,2182.1,34.4,"NCBI","Streptophyta",151428,"Prunus brigantina"
"244","GCA_039657325.1","KAK9166114.1"," -"," PTHR11139.orig.30.pi"," -",0,2101,35,0,2100.7,35,"NCBI","Streptophyta",152367,"Stephania cephalantha"
"245","GCA_039657365.1","KAK9163538.1"," -"," PTHR11139.orig.30.pi"," -",0,1978.1,35.2,0,1975.2,35.2,"NCBI","Streptophyta",152371,"Stephania yunnanensis"
"246","GCA_020521535.1","GKV26553.1"," -"," PTHR11139.orig.30.pi"," -",0,2200.1,37.8,0,2199.8,37.8,"NCBI","Streptophyta",152421,"Rubroshorea leprosula"
"247","GCA_028052125.1","KAJ4716094.1"," -"," PTHR11139.orig.30.pi"," -",0,2219,38.4,0,2218.7,38.4,"NCBI","Streptophyta",155640,"Melia azedarach"
"248","GCA_003370565.1","RDY02662.1"," -"," PTHR11139.orig.30.pi"," -",0,1619.4,45,0,1613.1,45,"NCBI","Streptophyta",157652,"Mucuna pruriens"
"249","GCA_004320505.1","BAU00825.1"," -"," PTHR11139.orig.30.pi"," -",0,2202,37.4,0,2201.7,37.4,"NCBI","Streptophyta",157739,"Vigna angularis var. angularis"
"250","GCA_026573395.1","KAJ1262505.1"," -"," PTHR11139.orig.30.pi"," -",0,2039.2,37,0,2038.9,37,"NCBI","Streptophyta",158149,"Paspalum vaginatum"
"251","GCA_902713445.1","CAA2983774.1"," -"," PTHR11139.orig.30.pi"," -",0,2141.9,39.4,0,2141.1,39.4,"NCBI","Streptophyta",158383,"Olea europaea subsp. europaea"
"252","GCA_019845555.1","KAG9440008.1"," -"," PTHR11139.orig.30.pi"," -",0,2201.9,29.9,0,2201.6,29.9,"NCBI","Streptophyta",158543,"Aristolochia fimbriata"
"253","GCA_034814905.1","KAK4491156.1"," -"," PTHR11139.orig.30.pi"," -",0,2038.8,26.2,0,2038.4,26.2,"NCBI","Streptophyta",160366,"Penstemon davidsonii"
"254","GCA_019925795.1","KAH0451195.1"," -"," PTHR11139.orig.30.pi"," -",0,2088.5,35.4,0,2088.2,35.4,"NCBI","Streptophyta",161865,"Dendrobium chrysotoxum"
"255","GCA_014362265.1","GFY89496.1"," -"," PTHR11139.orig.30.pi"," -",0,1647.2,22.7,0,1646.5,22.7,"NCBI","Streptophyta",165716,"Actinidia rufa"
"256","GCA_022379115.2","KAI4295808.1"," -"," PTHR11139.orig.30.pi"," -",0,2201.5,31.3,0,2201.2,31.3,"NCBI","Streptophyta",167791,"Bauhinia variegata"
"257","GCA_019426215.1","KAG8368518.1"," -"," PTHR11139.orig.30.pi"," -",0,2107.8,27.1,0,2107.5,27.1,"NCBI","Streptophyta",168488,"Buddleja alternifolia"
"258","GCA_032871835.1","KAK2655828.1"," -"," PTHR11139.orig.30.pi"," -",0,2205.2,37.3,0,2205,37.3,"NCBI","Streptophyta",168575,"Dipteronia dyeriana"
"259","GCA_029747015.1","KAJ8452889.1"," -"," PTHR11139.orig.30.pi"," -",0,2065.2,47.1,0,2064.8,47.1,"NCBI","Streptophyta",171969,"Carnegiea gigantea"
"260","GCA_006937295.1","KAE8008825.1"," -"," PTHR11139.orig.30.pi"," -",0,1747.1,40,0,1746.8,40,"NCBI","Streptophyta",176857,"Carpinus fangiana"
"261","GCA_000696525.1","KDP44557.1"," -"," PTHR11139.orig.30.pi"," -",0,2197,37.4,0,2196.8,37.4,"NCBI","Streptophyta",180498,"Jatropha curcas"
"262","GCA_004379255.2","KAG6409019.1"," -"," PTHR11139.orig.30.pi"," -",0,2098.6,36.8,0,2098.3,36.8,"NCBI","Streptophyta",180675,"Salvia splendens"
"263","GCA_038485115.1","KAK8527811.1"," -"," PTHR11139.orig.30.pi"," -",0,2210,35.9,0,2209.7,35.9,"NCBI","Streptophyta",183260,"Hibiscus sabdariffa"
"264","GCA_030270665.1","GMJ05579.1"," -"," PTHR11139.orig.30.pi"," -",0,2213.5,36.6,0,2213.2,36.6,"NCBI","Streptophyta",183268,"Hibiscus trionum"
"265","GCA_023525975.1","KAI3820134.1"," -"," PTHR11139.orig.30.pi"," -",0,2172.2,35.8,0,2171.9,35.8,"NCBI","Streptophyta",185202,"Smallanthus sonchifolius"
"266","GCA_963454935.2","CAK9143133.1"," -"," PTHR11139.orig.30.pi"," -",0,1782.5,16.3,0,1255.3,12.5,"NCBI","Streptophyta",185542,"Ilex paraguariensis"
"267","GCA_945859915.1","CAH9146554.1"," -"," PTHR11139.orig.30.pi"," -",0,2176.5,36,0,2176.3,36,"NCBI","Streptophyta",186058,"Cuscuta epithymum"
"268","GCA_032690845.1","KAK3127879.1"," -"," PTHR11139.orig.30.pi"," -",0,1919.4,32,0,1919,32,"NCBI","Streptophyta",191504,"Eleusine coracana subsp. coracana"
"269","GCA_009363875.1","KAD4584827.1"," -"," PTHR11139.orig.30.pi"," -",0,2149.2,37,0,2148.9,37,"NCBI","Streptophyta",192012,"Mikania micrantha"
"270","GCA_000441915.1","EPS72515.1"," -"," PTHR11139.orig.30.pi"," -",0,1469.1,30.4,0,1464,30.4,"NCBI","Streptophyta",192259,"Genlisea aurea"
"271","GCA_037126225.1","KAK6945935.1"," -"," PTHR11139.orig.30.pi"," -",0,2128.5,40.3,0,2128,40.3,"NCBI","Streptophyta",194707,"Dillenia turbinata"
"272","GCA_027725995.1","KAJ3687365.1"," -"," PTHR11139.orig.30.pi"," -",0,2050.1,31,0,2049.8,31,"NCBI","Streptophyta",198213,"Rhynchospora tenuis"
"273","GCA_043237855.1","KAL2537811.1"," -"," PTHR11139.orig.30.pi"," -",0,1630.1,35.7,0,1629.8,35.7,"NCBI","Streptophyta",205694,"Forsythia ovata"
"274","GCA_043237855.1","KAL2537840.1"," -"," PTHR11139.orig.30.pi"," -",0,1630.1,35.7,0,1629.8,35.7,"NCBI","Streptophyta",205694,"Forsythia ovata"
"275","GCA_002211085.2","PAN20053.1"," -"," PTHR11139.orig.30.pi"," -",0,2062.5,38.5,0,2062.2,38.5,"NCBI","Streptophyta",206008,"Panicum hallii"
"276","GCA_001974805.1","OMO73820.1"," -"," PTHR11139.orig.30.pi"," -",0,2080.5,37.7,0,2074.3,37.7,"NCBI","Streptophyta",210143,"Corchorus capsularis"
"277","GCA_964270275.1","CAL9049779.1"," -"," PTHR11139.orig.30.pi"," -",0,2057.8,34,0,2057.3,34,"NCBI","Streptophyta",213591,"Musa banksii"
"278","GCA_964270305.1","CAL9071660.1"," -"," PTHR11139.orig.30.pi"," -",0,2059.9,33.6,0,2059.4,33.6,"NCBI","Streptophyta",214685,"Musa acuminata var. zebrina"
"279","GCA_023529315.1","KAI3831791.1"," -"," PTHR11139.orig.30.pi"," -",0,2145.5,33.6,0,2145.2,33.6,"NCBI","Streptophyta",215227,"Papaver bracteatum"
"280","GCA_028386065.3","KAJ4823015.1"," -"," PTHR11139.orig.30.pi"," -",0,2186.8,36.4,0,2186.4,36.4,"NCBI","Streptophyta",218843,"Turnera subulata"
"281","GCA_002738505.1","PIA46552.1"," -"," PTHR11139.orig.30.pi"," -",0,2191,30.4,0,2190.7,30.4,"NCBI","Streptophyta",218851,"Aquilegia coerulea"
"282","GCA_964270295.1","CAL9083464.1"," -"," PTHR11139.orig.30.pi"," -",0,2046.9,34.2,0,2046.5,34.2,"NCBI","Streptophyta",228183,"Musa textilis"
"283","GCA_040955855.1","KAL1192595.1"," -"," PTHR11139.orig.30.pi"," -",0,2129.8,31.4,0,2129.5,31.4,"NCBI","Streptophyta",228776,"Cardamine amara subsp. amara"
"284","GCA_020921065.1","KAH7836314.1"," -"," PTHR11139.orig.30.pi"," -",0,2178.2,39.1,0,2177.9,39.1,"NCBI","Streptophyta",229202,"Vaccinium darrowii"
"285","GCA_035582445.1","KAK4762122.1"," -"," PTHR11139.orig.30.pi"," -",0,2074,44.7,0,2073.7,44.7,"NCBI","Streptophyta",236973,"Trapa incisa"
"286","GCA_964030465.3","CAL4893035.1"," -"," PTHR11139.orig.30.pi"," -",0,2061.5,39.3,0,2061.1,39.3,"NCBI","Streptophyta",240449,"Urochloa decumbens"
"287","GCA_034509755.1","KAK4346929.1"," -"," PTHR11139.orig.30.pi"," -",0,1570.8,56.7,0,1570.5,56.7,"NCBI","Streptophyta",243964,"Anisodus tanguticus"
"288","GCA_963978565.1","CAK9315702.1"," -"," PTHR11139.orig.30.pi"," -",0,2197.7,38,0,2197.4,38,"NCBI","Streptophyta",252529,"Citrullus colocynthis"
"289","GCA_015680905.1","KAF9622962.1"," -"," PTHR11139.orig.30.pi"," -",0,2117.7,34.4,0,2038.7,31.8,"NCBI","Streptophyta",261450,"Coptis chinensis"
"290","GCA_003952965.2","KAB1208603.1"," -"," PTHR11139.orig.30.pi"," -",0,2000.2,33.9,0,2000,33.9,"NCBI","Streptophyta",262757,"Morella rubra"
"291","GCA_009746105.1","KAE9447051.1"," -"," PTHR11139.orig.30.pi"," -",0,1929.6,41.3,0,1617.1,26.8,"NCBI","Streptophyta",262921,"Rhododendron williamsianum"
"292","GCA_003260385.1","RAL43987.1"," -"," PTHR11139.orig.30.pi"," -",0,2181.2,37.5,0,2181,37.5,"NCBI","Streptophyta",267555,"Cuscuta australis"
"293","GCA_028583415.1","KAJ4958930.1"," -"," PTHR11139.orig.30.pi"," -",0,2200.1,30.5,0,2199.8,30.5,"NCBI","Streptophyta",273540,"Protea cynaroides"
"294","GCA_040286145.1","KAL0379140.1"," -"," PTHR11139.orig.30.pi"," -",0,1377.6,53.3,0,1377.4,53.3,"NCBI","Streptophyta",300843,"Sesamum radiatum"
"295","GCA_034509735.1","KAK4438010.1"," -"," PTHR11139.orig.30.pi"," -",0,2191.5,38.4,0,2191.2,38.4,"NCBI","Streptophyta",300844,"Sesamum alatum"
"296","GCA_026074375.1","GJY31842.1"," -"," PTHR11139.orig.30.pi"," -",0,1679.4,25.3,0,1679.1,25.3,"NCBI","Streptophyta",301880,"Tanacetum coccineum"
"297","GCA_031230405.1","WMV12744.1"," -"," PTHR11139.orig.30.pi"," -",0,2209.3,39.8,0,2209,39.8,"NCBI","Streptophyta",315347,"Solanum verrucosum"
"298","GCA_023547065.1","URD99450.1"," -"," PTHR11139.orig.30.pi"," -",0,2038.1,34.9,0,2037.7,34.9,"NCBI","Streptophyta",320322,"Musa troglodytarum"
"299","GCA_026586065.1","KAJ0981872.1"," -"," PTHR11139.orig.30.pi"," -",0,2088.8,41,0,2088.5,41,"NCBI","Streptophyta",325984,"Dioscorea zingiberensis"
"300","GCA_003546025.1","RWR77912.1"," -"," PTHR11139.orig.30.pi"," -",0,2029.2,33,0,2028.8,33,"NCBI","Streptophyta",337451,"Cinnamomum micranthum f. kanehirae"
"301","GCA_044505025.1","KAL2945273.1"," -"," PTHR11139.orig.30.pi"," -",0,2183.9,37.5,0,2183.6,37.5,"NCBI","Streptophyta",338654,"Bienertia sinuspersici"
"302","GCA_030169165.1","KAJ9551806.1"," -"," PTHR11139.orig.30.pi"," -",0,1118.1,8.6,0,1035.7,65.6,"NCBI","Streptophyta",347529,"Centaurea solstitialis"
"303","GCA_023531295.1","KAI3855954.1"," -"," PTHR11139.orig.30.pi"," -",0,1616.7,28.3,0,1616.4,28.3,"NCBI","Streptophyta",357465,"Papaver armeniacum"
"304","GCA_023531105.1","KAI3903491.1"," -"," PTHR11139.orig.30.pi"," -",0,2194.8,31.2,0,2194.5,31.2,"NCBI","Streptophyta",357466,"Papaver atlanticum"
"305","GCA_014858505.1","KAF8034900.1"," -"," PTHR11139.orig.30.pi"," -",0,1746.9,30.4,0,1724.8,24.3,"NCBI","Streptophyta",360336,"Corymbia citriodora subsp. variegata"
"306","GCA_014858505.1","KAF8034902.1"," -"," PTHR11139.orig.30.pi"," -",0,1746.9,30.4,0,1724.8,24.3,"NCBI","Streptophyta",360336,"Corymbia citriodora subsp. variegata"
"307","GCA_030848705.1","KAK1369657.1"," -"," PTHR11139.orig.30.pi"," -",0,2199.8,39.5,0,2199.5,39.5,"NCBI","Streptophyta",360622,"Heracleum sosnowskyi"
"308","GCA_014851425.1","KAF7841341.1"," -"," PTHR11139.orig.30.pi"," -",0,1638.9,41.5,0,1638.6,41.5,"NCBI","Streptophyta",362788,"Senna tora"
"309","GCA_014905375.1","GFP88661.1"," -"," PTHR11139.orig.30.pi"," -",0,2087.7,35,0,2087.3,35,"NCBI","Streptophyta",374723,"Phtheirospermum japonicum"
"310","GCA_041154625.1","BFG42177.1"," -"," PTHR11139.orig.30.pi"," -",0,2205.4,36.5,0,2205.1,36.5,"NCBI","Streptophyta",378228,"Prunus speciosa"
"311","GCA_029783415.1","KAJ8572440.1"," -"," PTHR11139.orig.30.pi"," -",0,2225.8,40.9,0,2225.5,40.9,"NCBI","Streptophyta",402998,"Anisodus acutangulus"
"312","GCA_011799765.1","KAF3782774.1"," -"," PTHR11139.orig.30.pi"," -",0,2040.7,28,0,2040.3,28,"NCBI","Streptophyta",419125,"Nymphaea thermarum"
"313","GCA_904845875.1","CAD6272447.1"," -"," PTHR11139.orig.30.pi"," -",0,1984.3,31.8,0,1983.9,31.8,"NCBI","Streptophyta",422564,"Miscanthus lutarioriparius"
"314","GCA_040182985.1","KAK9988728.1"," -"," PTHR11139.orig.30.pi"," -",0,2154.8,33.1,0,2154.4,33.1,"NCBI","Streptophyta",425828,"Lithocarpus litseifolius"
"315","GCA_002762385.1","PIN07839.1"," -"," PTHR11139.orig.30.pi"," -",0,2165.5,36.6,0,2165.2,36.6,"NCBI","Streptophyta",429701,"Handroanthus impetiginosus"
"316","GCA_026229545.1","KAJ0098208.1"," -"," PTHR11139.orig.30.pi"," -",0,1570.4,56,0,1570.2,56,"NCBI","Streptophyta",434234,"Pistacia atlantica"
"317","GCA_026225825.1","KAJ0028801.1"," -"," PTHR11139.orig.30.pi"," -",0,1706.6,34.5,0,1706.3,34.5,"NCBI","Streptophyta",434235,"Pistacia integerrima"
"318","GCA_029228515.1","KAJ6985134.1"," -"," PTHR11139.orig.30.pi"," -",0,2149.1,36.5,0,2148.7,36.5,"NCBI","Streptophyta",444605,"Populus alba x Populus x berolinensis"
"319","GCA_004329165.1","TKY70348.1"," -"," PTHR11139.orig.30.pi"," -",0,1606.9,64.1,0,1606.7,64.1,"NCBI","Streptophyta",455371,"Spatholobus suberectus"
"320","GCA_013401445.1","KAF5733235.1"," -"," PTHR11139.orig.30.pi"," -",0,2171.1,36.9,0,2170.7,36.9,"NCBI","Streptophyta",458696,"Tripterygium wilfordii"
"321","GCA_039657345.1","KAK9109353.1"," -"," PTHR11139.orig.30.pi"," -",0,1614.3,33,0,1614,33,"NCBI","Streptophyta",461633,"Stephania japonica"
"322","GCA_001598015.1","KZV38051.1"," -"," PTHR11139.orig.30.pi"," -",0,2141,37.5,0,2140.6,37.5,"NCBI","Streptophyta",472368,"Dorcoceras hygrometricum"
"323","GCA_018127125.1","KAG5526252.1"," -"," PTHR11139.orig.30.pi"," -",0,2060.7,39.1,0,2060.4,39.1,"NCBI","Streptophyta",479676,"Rhododendron griersonianum"
"324","GCA_026901365.1","KAJ1381615.1"," -"," PTHR11139.orig.30.pi"," -",0,1912.3,33.3,0,1839.9,32.2,"NCBI","Streptophyta",485725,"Sesbania bispinosa"
"325","GCA_964270695.1","CAL9159750.1"," -"," PTHR11139.orig.30.pi"," -",0,2058.8,33.6,0,2058.3,33.6,"NCBI","Streptophyta",491892,"Musa hybrid cultivar"
"326","GCA_034222035.1","KAK4258872.1"," -"," PTHR11139.orig.30.pi"," -",0,2190,31.4,0,2189.6,31.4,"NCBI","Streptophyta",499986,"Acacia crassicarpa"
"327","GCA_043165305.1","KAL2349528.1"," -"," PTHR11139.orig.30.pi"," -",0,2176.6,35.3,0,2176.3,35.3,"NCBI","Streptophyta",520843,"Flemingia macrophylla"
"328","GCA_949775105.1","CAI9104218.1"," -"," PTHR11139.orig.30.pi"," -",0,2193.1,35,0,2192.8,35,"NCBI","Streptophyta",529605,"Oldenlandia corymbosa var. corymbosa"
"329","GCA_041154535.1","GMP38637.1"," -"," PTHR11139.orig.30.pi"," -",0,2164,33.9,0,2163.7,33.9,"NCBI","Streptophyta",542762,"Camellia sinensis var. sinensis"
"330","GCA_011114355.1","KAF3332218.1"," -"," PTHR11139.orig.30.pi"," -",0,1558.8,40,0,1558.5,40,"NCBI","Streptophyta",544730,"Carex littledalei"
"331","GCA_036689595.1","WVZ98153.1"," -"," PTHR11139.orig.30.pi"," -",0,2039.1,36.8,0,2038.8,36.8,"NCBI","Streptophyta",547442,"Paspalum notatum var. saurae"
"332","GCA_008638375.1","KAA8546139.1"," -"," PTHR11139.orig.30.pi"," -",0,1695.6,29.9,0,1695.2,29.9,"NCBI","Streptophyta",561372,"Nyssa sinensis"
"333","GCA_946122785.1","CAI0401153.1"," -"," PTHR11139.orig.30.pi"," -",0,2211,39.8,0,2210.7,39.8,"NCBI","Streptophyta",586396,"Linum tenue"
"334","GCA_964030455.1","CAL1370347.1"," -"," PTHR11139.orig.30.pi"," -",0,2206.1,39,0,2205.8,39,"NCBI","Streptophyta",586398,"Linum trigynum"
"335","GCA_902206195.3","VVB00694.1"," -"," PTHR11139.orig.30.pi"," -",0,2132.3,31.4,0,2132,31.4,"NCBI","Streptophyta",586526,"Arabis nemorensis"
"336","GCA_019321725.1","KAI3446300.1"," -"," PTHR11139.orig.30.pi"," -",0,1592.9,37,0,1592.7,37,"NCBI","Streptophyta",586722,"Paulownia fortunei"
"337","GCA_004303085.2","KAH6824348.1"," -"," PTHR11139.orig.30.pi"," -",0,1619.1,43.7,0,1618.8,43.7,"NCBI","Streptophyta",608512,"Perilla frutescens var. hirtella"
"338","GCA_020796205.1","KAH7518159.1"," -"," PTHR11139.orig.30.pi"," -",0,2125.1,32.5,0,2124.8,32.5,"NCBI","Streptophyta",714518,"Ziziphus jujuba var. spinosa"
"339","GCA_025563575.1","KAI9124104.1"," -"," PTHR11139.orig.30.pi"," -",0,2178.4,31.6,0,2178.1,31.6,"NCBI","Streptophyta",880440,"Acacia pycnantha"
"340","GCA_001633215.2","OEL29132.1"," -"," PTHR11139.orig.30.pi"," -",0,1324.6,25.6,0,1324.3,25.6,"NCBI","Streptophyta",888268,"Dichanthelium oligosanthes"
"341","GCA_029204005.1","KAJ6403025.1"," -"," PTHR11139.orig.30.pi"," -",0,1451.8,25.9,0,1451.5,25.9,"NCBI","Streptophyta",889485,"Salix udensis"
"342","GCA_001605985.2","PKU85185.1"," -"," PTHR11139.orig.30.pi"," -",0,1863.3,34.8,0,1862.5,34.8,"NCBI","Streptophyta",906689,"Dendrobium catenatum"
"343","GCA_028095005.1","KAJ4769677.1"," -"," PTHR11139.orig.30.pi"," -",0,2050.6,29.7,0,2050.3,29.7,"NCBI","Streptophyta",906938,"Rhynchospora pubera"
"344","GCA_000414095.2","EXB24045.1"," -"," PTHR11139.orig.30.pi"," -",0,1634.7,29.5,0,1634.4,29.5,"NCBI","Streptophyta",981085,"Morus notabilis"
"345","GCA_008009225.1","TXG60645.1"," -"," PTHR11139.orig.30.pi"," -",0,2154.9,34.4,0,2154.6,34.4,"NCBI","Streptophyta",1000413,"Acer yangbiense"
"346","GCA_015342445.1","KAF8748868.1"," -"," PTHR11139.orig.30.pi"," -",0,2037.1,39.3,0,2036.6,39.3,"NCBI","Streptophyta",1010633,"Digitaria exilis"
"347","GCA_024733475.1","KAI6701523.1"," -"," PTHR11139.orig.30.pi"," -",0,2105,35.8,0,2104.7,35.8,"NCBI","Streptophyta",1042139,"Syzygium grande"
"348","GCA_002786265.1","PKA52215.1"," -"," PTHR11139.orig.30.pi"," -",0,2050.4,36.3,0,2048.2,36.3,"NCBI","Streptophyta",1088818,"Apostasia shenzhenica"
"349","GCA_004115005.2","KAG7011592.1"," -"," PTHR11139.orig.30.pi"," -",0,2013.2,35.8,0,2012,35.8,"NCBI","Streptophyta",1094858,"Cucurbita argyrosperma subsp. argyrosperma"
"350","GCA_005549215.1","KAA0031380.1"," -"," PTHR11139.orig.30.pi"," -",0,2180.9,38.6,0,2180.4,38.6,"NCBI","Streptophyta",1194695,"Cucumis melo var. makuwa"
"351","GCA_005549225.1","TYK06832.1"," -"," PTHR11139.orig.30.pi"," -",0,2180.9,38.6,0,2180.4,38.6,"NCBI","Streptophyta",1194695,"Cucumis melo var. makuwa"
"352","GCA_019202795.1","KAG7594673.1"," -"," PTHR11139.orig.30.pi"," -",0,2145.8,27.5,0,2145.5,27.5,"NCBI","Streptophyta",1240361,"Arabidopsis thaliana x Arabidopsis arenosa"
"353","GCA_029030655.1","KAJ6315245.1"," -"," PTHR11139.orig.30.pi"," -",0,2194.6,34.2,0,2194.3,34.2,"NCBI","Streptophyta",1278906,"Salix suchowensis"
"354","GCA_033070095.1","KAK3006551.1"," -"," PTHR11139.orig.30.pi"," -",0,1211.1,14,0,1210.9,14,"NCBI","Streptophyta",1293975,"Escallonia herrerae"
"355","GCA_015731905.1","KAF9665907.1"," -"," PTHR11139.orig.30.pi"," -",0,2125.8,33.2,0,2125.4,33.2,"NCBI","Streptophyta",1413687,"Salix dunnii"
"356","GCA_009936355.2","BBN14804.1"," -"," PTHR11139.orig.30.pi"," -",0,1888.6,30.5,0,1888.3,30.5,"NCBI","Streptophyta",1480154,"Marchantia polymorpha subsp. ruderalis"
"357","GCA_037833805.1","BFI18332.1"," -"," PTHR11139.orig.30.pi"," -",0,1888.6,30.5,0,1888.3,30.5,"NCBI","Streptophyta",1480154,"Marchantia polymorpha subsp. ruderalis"
"358","GCA_037833965.1","BFI38697.1"," -"," PTHR11139.orig.30.pi"," -",0,1888.6,30.5,0,1888.3,30.5,"NCBI","Streptophyta",1480154,"Marchantia polymorpha subsp. ruderalis"
"359","GCA_039105155.1","BFI18332.1"," -"," PTHR11139.orig.30.pi"," -",0,1888.6,30.5,0,1888.3,30.5,"NCBI","Streptophyta",1480154,"Marchantia polymorpha subsp. ruderalis"
"360","GCA_003061485.1","PUZ66411.1"," -"," PTHR11139.orig.30.pi"," -",0,2056.9,38.2,0,2056.6,38.2,"NCBI","Streptophyta",1504633,"Panicum hallii var. hallii"
"361","GCA_003024255.1","PSS02733.1"," -"," PTHR11139.orig.30.pi"," -",0,2185.1,40,0,2184.8,40,"NCBI","Streptophyta",1590841,"Actinidia chinensis var. chinensis"
"362","GCA_902728155.2","CAA7048351.1"," -"," PTHR11139.orig.30.pi"," -",0,2144.3,30.1,0,2144.2,30.1,"NCBI","Streptophyta",1685480,"Microthlaspi erraticum"
"363","GCA_017639395.1","KAG5397315.1"," -"," PTHR11139.orig.30.pi"," -",0,2126.4,32.1,0,2126.1,32.1,"NCBI","Streptophyta",1813537,"Brassica rapa subsp. trilocularis"
"364","GCA_025200525.1","KAI7992093.1"," -"," PTHR11139.orig.30.pi"," -",0,2168.3,35.7,0,2168,35.7,"NCBI","Streptophyta",1840588,"Camellia lanceoleosa"
"365","GCA_029891385.1","KAJ8764782.1"," -"," PTHR11139.orig.30.pi"," -",0,2160.7,41.4,0,2160.4,41.4,"NCBI","Streptophyta",1862640,"Erythroxylum novogranatense"
"366","GCA_027943385.1","GJP36589.1"," -"," PTHR11139.orig.30.pi"," -",0,1641.7,0,0,1201.2,0,"NCBI","Streptophyta",2019903,"Closterium sp. NIES-68"
"367","GCA_027562975.1","KAJ1691987.1"," -"," PTHR11139.orig.30.pi"," -",0,2047.8,32.9,0,2047.5,32.9,"NCBI","Streptophyta",2022672,"Rhynchospora breviuscula"
"368","GCA_002966975.2","PQQ14473.1"," -"," PTHR11139.orig.30.pi"," -",0,1658.1,33.6,0,1657.8,33.6,"NCBI","Streptophyta",2094558,"Prunus yedoensis var. nudiflora"
"369","GCA_009078335.1","KAB5520655.1"," -"," PTHR11139.orig.30.pi"," -",0,2115.3,33.6,0,2114.8,33.6,"NCBI","Streptophyta",2182728,"Salix brachista"
"370","GCA_009078335.1","KAB5541218.1"," -"," PTHR11139.orig.30.pi"," -",0,2115.2,40.6,0,2114.8,40.6,"NCBI","Streptophyta",2182728,"Salix brachista"
"371","GCA_039513925.1","KAK8930816.1"," -"," PTHR11139.orig.30.pi"," -",0,2100,34.5,0,2099.7,34.5,"NCBI","Streptophyta",2320716,"Platanthera zijinensis"
"372","GCA_039583875.1","KAK8942075.1"," -"," PTHR11139.orig.30.pi"," -",0,2064.6,36.2,0,2064.4,36.2,"NCBI","Streptophyta",2320717,"Platanthera guangdongensis"
"373","GCA_008932095.1","KAB2621011.1"," -"," PTHR11139.orig.30.pi"," -",0,1827.9,26.7,0,1827.8,26.7,"NCBI","Streptophyta",2448454,"Pyrus ussuriensis x Pyrus communis"
"374","GCA_029228605.1","KAJ6777335.1"," -"," PTHR11139.orig.30.pi"," -",0,2189,36.5,0,2188.6,36.5,"NCBI","Streptophyta",2511006,"Salix koriyanagi"
"375","GCA_029228605.1","KAJ6777336.1"," -"," PTHR11139.orig.30.pi"," -",0,2189,36.5,0,2188.6,36.5,"NCBI","Streptophyta",2511006,"Salix koriyanagi"
"376","GCA_007844105.2","KAF3434534.1"," -"," PTHR11139.orig.30.pi"," -",0,2188.6,34.7,0,2188.2,34.7,"NCBI","Streptophyta",2594499,"Rhamnella rubrinervis"
"377","GCA_040286105.1","KAL0422503.1"," -"," PTHR11139.orig.30.pi"," -",0,1987.6,49.5,0,1983.3,49.5,"NCBI","Streptophyta",2727402,"Sesamum latifolium"
"378","GCA_040285715.1","KAL0356545.1"," -"," PTHR11139.orig.30.pi"," -",0,1536.9,37,0,1536.6,37,"NCBI","Streptophyta",2727403,"Sesamum calycinum"
"379","GCA_034509725.1","KAK4401785.1"," -"," PTHR11139.orig.30.pi"," -",0,1880.4,40.4,0,1879.9,40.4,"NCBI","Streptophyta",2727404,"Sesamum angolense"
"380","GCA_040285695.1","KAL0365276.1"," -"," PTHR11139.orig.30.pi"," -",0,1451.2,30.3,0,1450.9,30.3,"NCBI","Streptophyta",2727405,"Sesamum angustifolium"
"381","GCA_022343405.2","MCO5556044.1"," -"," PTHR11139.orig.30.pi"," -",0,1510.7,24.3,0,1510.4,24.3,"NCBI","Streptophyta",2759587,"Adiantum nelumboides"
"382","GCA_027943415.1","GJP75831.1"," -"," PTHR11139.orig.30.pi"," -",0,1778.9,0,0,1777.7,0,"NCBI","Streptophyta",2790670,"Closterium sp. NIES-67"
"383","GCA_039657395.1","KAK9183844.1"," -"," PTHR11139.orig.30.pi"," -",0,2143.3,28.8,0,2142.8,28.8,"NCBI","Streptophyta",2935761,"Citrus x changshan-huyou"
"384","GCA_947471745.1","CAI5536075.1"," -"," PTHR11139.orig.30.pi"," -",0,1751.9,0,0,1750.9,0,"NCBI","Streptophyta",2996811,"Closterium sp. Naga37s-1"
"385","GCA_947470075.1","CAI5472252.1"," -"," PTHR11139.orig.30.pi"," -",0,1735.9,0,0,1285.5,0,"NCBI","Streptophyta",2996821,"Closterium sp. Yama58-4"
"386","GCA_948144035.1","CAI5962745.1"," -"," PTHR11139.orig.30.pi"," -",0,1685.1,0,0,1684.5,0,"NCBI","Streptophyta",3014308,"Closterium sp. NIES-64"
"387","GCA_948144175.1","CAI5983804.1"," -"," PTHR11139.orig.30.pi"," -",0,1758.9,0,0,1758.3,0,"NCBI","Streptophyta",3014309,"Closterium sp. NIES-65"
"388","GCA_949281275.1","CAI7855814.1"," -"," PTHR11139.orig.30.pi"," -",0,1259.8,0,0,1259.6,0,"NCBI","Streptophyta",3014310,"Closterium sp. NIES-53"
"389","GCA_949281255.1","CAI7750008.1"," -"," PTHR11139.orig.30.pi"," -",0,1238.1,0,0,1237.9,0,"NCBI","Streptophyta",3014311,"Closterium sp. NIES-54"
"390","GCA_949281255.1","CAI7831027.1"," -"," PTHR11139.orig.30.pi"," -",0,1238.1,0,0,1237.9,0,"NCBI","Streptophyta",3014311,"Closterium sp. NIES-54"
"391","GCA_039602395.1","KAK9058046.1"," -"," PTHR11139.orig.30.pi"," -",0,2169.2,37.8,0,2168.9,37.8,"NCBI","Streptophyta",3103831,"Deinandra increscens subsp. villosa"
